Gene Description,Gene Accession Number,1,2,3,4,5,6,7,8,9,10,11,12,13,14,15,16,17,18,19,20,21,22,23,24,25,26,27,34,35,36,37,38,28,29,30,31,32,33
hum_alu_at (miscellaneous control),hum_alu_at,15091,11038,16692,15763,18128,34207,30801,25147,15272,21801,18167,27087,19324,14760,11631,16738,14030,23505,20225,6479,22143,24327,36417,14989,18343,12801,25673,16716,45492,23865,17359,19406,17878,26052,11983,23508,17996,19679
AFFX-DapX-5_at (endogenous control),AFFX-DapX-5_at,7,37,183,45,-28,65,43,338,29,-36,-8,-5,21,35,50,-22,95,41,-42,22,2,48,60,92,71,-17,172,-66,-26,-38,44,113,21,-67,-81,-126,20,18
AFFX-DapX-M_at (endogenous control),AFFX-DapX-M_at,311,134,378,268,118,154,80,269,188,-39,115,186,38,134,173,232,98,93,191,171,211,253,229,67,32,161,366,172,67,-14,286,227,218,121,114,61,371,238
AFFX-DapX-3_at (endogenous control),AFFX-DapX-3_at,-231,-161,-221,-27,-153,-49,-87,-116,-69,-142,-95,-18,-37,-33,-24,-156,-208,-147,-55,-129,-47,-73,-64,-52,-59,-76,-186,-80,-72,-191,-73,-9,-103,-69,-67,-35,-68,-144
AFFX-LysX-5_at (endogenous control),AFFX-LysX-5_at,21,-21,67,43,-8,-24,-8,46,74,10,14,-2,26,68,-10,-38,107,4,-29,-30,101,23,98,-32,23,4,67,18,7,7,-11,-13,52,6,32,45,6,-16
AFFX-LysX-M_at (endogenous control),AFFX-LysX-M_at,-107,-180,-203,-52,-111,-72,-250,-317,-217,-130,-54,-150,-118,-95,-71,-134,-237,-81,-174,-205,11,-181,-93,208,-268,-27,-97,-182,-86,-283,-272,-289,-242,-198,-162,-94,-134,-420
AFFX-LysX-3_at (endogenous control),AFFX-LysX-3_at,165,18,238,247,44,39,100,265,106,-1,91,79,153,71,37,139,84,76,-3,36,68,36,13,92,-113,100,6,169,76,27,118,-25,134,61,175,125,111,249
AFFX-PheX-5_at (endogenous control),AFFX-PheX-5_at,-78,-120,-124,-116,-88,-104,-73,-130,-159,-18,-81,-57,-86,-41,-80,-119,-241,-67,-123,-109,-79,20,-112,-82,-55,-50,-93,-66,-55,-131,-88,-141,-105,-93,-20,-125,-44,-149
AFFX-PheX-M_at (endogenous control),AFFX-PheX-M_at,-204,-65,-161,-208,-102,-40,-132,-212,-155,-70,-134,-116,-76,-77,-46,-114,-144,-46,-99,-101,-79,-75,-56,-152,-106,-140,-215,-243,-177,-190,-206,-114,-207,-190,-109,-171,-232,-134
AFFX-PheX-3_at (endogenous control),AFFX-PheX-3_at,29,97,36,22,32,40,-57,-233,-101,-2,22,-45,22,-93,43,13,-29,-55,-18,61,8,149,-93,-59,63,-7,7,-102,0,-32,-5,-16,-42,-18,31,66,-7,-7
AFFX-ThrX-5_at (endogenous control),AFFX-ThrX-5_at,-61,15,-23,-10,5,46,-52,29,143,2,5,38,38,-13,-102,-63,22,1,-57,-5,31,-26,-49,-45,-10,-42,-37,-45,-79,9,-68,26,-59,-49,-23,-56,-144,-97
AFFX-ThrX-M_at (endogenous control),AFFX-ThrX-M_at,-105,-49,-80,-74,-18,-78,-73,-28,-4,-9,-14,-79,-83,-31,10,-26,-91,19,-76,62,-24,-17,-75,-50,-83,-28,-61,-29,-125,-35,-60,-59,-39,-66,-21,-68,-56,-118
AFFX-ThrX-3_at (endogenous control),AFFX-ThrX-3_at,-366,-330,-481,-240,-228,-273,-327,-599,-283,-264,-269,-165,-170,-237,-187,-339,-574,-267,-154,-192,-154,-145,-176,-146,-255,-247,-458,-419,-281,-370,-278,-383,-183,-117,-246,-217,-217,-340
AFFX-TrpnX-5_at (endogenous control),AFFX-TrpnX-5_at,-41,-41,-65,-33,53,-7,-28,73,47,71,42,15,17,53,2,39,76,-10,20,8,-36,-28,-26,32,-6,-123,-93,-12,122,-11,38,141,77,-38,-31,-48,17,7
AFFX-TrpnX-M_at (endogenous control),AFFX-TrpnX-M_at,-346,-772,-620,-560,-348,-618,-613,-604,-383,-500,-509,-432,-505,-383,-395,-645,-732,-414,-736,-992,-328,-461,-341,-457,-607,-586,-580,-686,-622,-517,-463,-588,-495,-262,-589,-775,-657,-806
AFFX-TrpnX-3_at (endogenous control),AFFX-TrpnX-3_at,-297,-259,-269,-261,-169,-355,-317,-226,-196,-283,-233,-231,-251,-163,-192,-356,-283,-133,-391,-296,-158,-173,-212,-272,-220,-278,-215,-310,-307,-194,-228,-188,-124,-106,-353,-235,-332,-261
AFFX-HUMISGF3A/M97935_5_at (endogenous control),AFFX-HUMISGF3A/M97935_5_at,-109,-192,-136,-366,-156,-344,-220,-229,-106,-230,-275,-321,-306,-317,-43,-304,-283,-130,-423,-273,-222,-227,-153,-199,-300,-280,-253,-293,-221,-161,10,-74,-111,-133,-314,-266,-277,374
AFFX-HUMISGF3A/M97935_MA_at (endogenous control),AFFX-HUMISGF3A/M97935_MA_at,-13,-219,104,-148,-55,-327,-179,-163,-100,-109,-276,-224,-250,91,594,-221,-226,-23,-344,-97,-92,-95,-60,-168,-113,-113,-179,-66,-79,216,1287,207,51,-95,-435,-125,-36,2003
AFFX-HUMISGF3A/M97935_MB_at (endogenous control),AFFX-HUMISGF3A/M97935_MB_at,215,116,476,155,122,176,58,257,166,155,46,-17,202,185,776,114,265,78,126,448,73,-104,30,147,191,35,-62,182,45,227,810,260,132,-22,135,85,123,1735
AFFX-HUMISGF3A/M97935_3_at (endogenous control),AFFX-HUMISGF3A/M97935_3_at,797,433,1474,415,483,412,383,580,752,606,266,152,778,1490,1680,629,809,524,370,2822,404,153,594,659,753,495,503,378,372,722,1378,720,647,202,423,295,532,3995
AFFX-HUMRGE/M10098_5_at (endogenous control),AFFX-HUMRGE/M10098_5_at,14538,615,5669,4850,1284,4148,21573,3934,13005,-163,791,8299,-71,912,6800,-8,-96,832,-56,70,-103,16487,17655,-142,4958,29,7953,504,2171,580,2183,819,1065,442,45,9042,5199,1255
AFFX-HUMRGE/M10098_M_at (endogenous control),AFFX-HUMRGE/M10098_M_at,9738,115,3272,2293,2731,2743,11031,1548,7272,-213,122,4204,-209,583,6946,-251,-397,933,-284,-233,-282,13380,17011,-346,2666,-148,4004,92,1752,130,1563,513,498,-54,-450,3852,1869,-94
AFFX-HUMRGE/M10098_3_at (endogenous control),AFFX-HUMRGE/M10098_3_at,8529,1518,3668,2569,316,2404,26002,1299,13939,-241,1553,5351,-316,1916,2740,-186,-382,273,-414,-364,-259,10071,5885,-386,4297,-337,2584,114,904,-38,870,1938,2039,-14,-186,2857,1365,300
AFFX-HUMGAPDH/M33197_5_at (endogenous control),AFFX-HUMGAPDH/M33197_5_at,15076,19448,27410,14920,14653,25771,11605,8184,19932,27919,25452,19281,11065,16323,17426,10815,16575,19482,12502,12701,188,13831,16743,11329,19430,6480,9805,17664,10695,26516,25634,21592,19351,14706,24678,20574,15496,23659
AFFX-HUMGAPDH/M33197_M_at (endogenous control),AFFX-HUMGAPDH/M33197_M_at,11126,13568,16756,11439,15030,24420,12125,4175,15546,18782,17041,20863,10630,11676,14110,13017,13007,16429,14131,10592,-74,11270,19434,10299,15970,8380,7327,13861,7103,17621,15041,15033,12453,17479,14230,15646,12086,13617
AFFX-HUMGAPDH/M33197_3_at (endogenous control),AFFX-HUMGAPDH/M33197_3_at,17782,18112,23006,17633,17384,30481,20356,10642,18316,23485,21746,25785,11898,18540,16658,17585,15992,20255,18930,15580,5325,17807,25224,16402,20346,16130,15100,19462,16358,23892,20251,21518,17844,19262,18329,20905,15191,19115
AFFX-HSAC07/X00351_5_at (endogenous control),AFFX-HSAC07/X00351_5_at,16287,17926,22626,15770,16386,32046,13576,16303,18288,20332,16870,11664,14587,17503,16292,14149,14998,18221,9670,10471,570,8588,17779,11295,8496,7579,12077,12695,9628,21865,16711,14663,15706,8446,16788,23829,19338,18075
AFFX-HSAC07/X00351_M_at (endogenous control),AFFX-HSAC07/X00351_M_at,18727,20668,24672,18773,19091,38467,14956,18006,18507,25078,20196,17705,18957,20079,20258,19710,19137,23994,13457,16259,-173,11071,22878,19613,12980,14928,19471,15550,13001,25106,18866,15226,18644,12482,20311,27914,23054,19527
AFFX-HSAC07/X00351_3_at (endogenous control),AFFX-HSAC07/X00351_3_at,15774,16959,18285,14245,18323,25364,18106,16885,15693,19625,16241,17558,17520,15493,15027,17843,16608,21275,13835,15428,17866,10551,17883,17002,15190,19025,20134,15535,18960,18111,14434,14254,14595,9529,16207,19257,16767,14859
AFFX-HUMTFRR/M11507_5_at (endogenous control),AFFX-HUMTFRR/M11507_5_at,264,513,609,183,291,245,171,487,371,43,264,237,184,159,173,134,490,304,163,294,71,285,340,249,326,172,151,342,432,269,807,1607,701,559,409,340,398,751
AFFX-HUMTFRR/M11507_M_at (endogenous control),AFFX-HUMTFRR/M11507_M_at,70,153,66,-54,78,-40,-25,-19,-41,-14,-4,14,-52,7,21,-58,166,78,20,147,52,-2,45,-21,220,-8,-161,6,257,86,723,1127,427,375,76,47,22,494
AFFX-HUMTFRR/M11507_3_at (endogenous control),AFFX-HUMTFRR/M11507_3_at,298,285,187,260,287,222,141,115,323,320,209,195,165,416,283,153,285,476,154,264,184,164,203,-78,610,158,201,367,331,292,1712,3031,723,812,435,341,322,1474
AFFX-M27830_5_at (endogenous control),AFFX-M27830_5_at,6750,2215,3325,3058,1130,3906,7761,4277,6114,-9,1531,4239,55,628,2773,124,12,2682,145,318,19,7518,7453,245,9085,322,4681,561,1733,718,1635,3946,1710,269,209,3879,2113,870
AFFX-M27830_M_at (endogenous control),AFFX-M27830_M_at,6559,3824,3349,2442,1056,4530,2532,4542,3916,532,3538,6599,892,1774,3588,1106,902,6134,986,912,1263,8237,10411,1070,9692,2367,3692,2244,3481,2371,4269,6727,2644,975,1969,5114,3076,1616
AFFX-M27830_3_at (endogenous control),AFFX-M27830_3_at,1164,655,927,527,448,277,735,1067,738,774,773,360,358,872,363,978,1380,735,808,832,740,632,370,871,1192,800,522,1127,1046,1007,1003,475,1174,277,405,429,941,1716
AFFX-HSAC07/X00351_3_st (endogenous control),AFFX-HSAC07/X00351_3_st,2982,3187,3097,1731,728,1644,4024,1077,7941,686,1651,1543,910,3948,2029,1558,2745,3497,1222,1865,607,1171,1812,155,1573,794,4329,1521,1637,1528,1282,1018,1138,310,1474,1633,1566,1693
AFFX-HUMGAPDH/M33197_5_st (endogenous control),AFFX-HUMGAPDH/M33197_5_st,240,86,252,-171,28,71,-132,-134,235,-41,204,149,-184,67,97,28,-327,167,90,-120,-69,142,108,75,275,-55,-197,209,-55,160,385,469,319,-54,273,154,48,510
AFFX-HUMGAPDH/M33197_M_st (endogenous control),AFFX-HUMGAPDH/M33197_M_st,132,301,524,-76,89,302,171,92,655,96,426,179,57,382,170,237,71,385,-23,247,152,385,203,104,412,25,-162,271,343,479,555,477,389,-31,394,153,224,907
AFFX-HUMGAPDH/M33197_3_st (endogenous control),AFFX-HUMGAPDH/M33197_3_st,546,530,911,327,120,572,465,310,741,200,446,671,136,393,437,204,195,422,241,327,104,430,286,-3,879,194,303,596,351,487,417,735,461,38,268,307,307,437
AFFX-HSAC07/X00351_5_st (endogenous control),AFFX-HSAC07/X00351_5_st,-1,185,140,-91,-220,382,-196,-106,131,-173,-115,117,-179,17,-2,-216,-608,-133,-114,-437,-204,-88,41,-149,-9,-146,-3,-141,69,253,-2,-104,35,-266,181,244,96,27
AFFX-HSAC07/X00351_M_st (endogenous control),AFFX-HSAC07/X00351_M_st,336,418,761,511,65,705,448,1073,584,184,249,291,162,586,237,163,407,437,155,57,37,453,364,514,251,244,646,332,639,684,614,827,389,157,511,591,441,1013
GB DEF = GABAa receptor alpha-3 subunit,A28102_at,151,263,88,484,118,270,458,872,62,194,143,359,66,216,20,250,107,85,412,639,46,126,305,217,420,125,485,324,473,50,249,357,190,318,382,486,388,260
Osteomodulin,AB000114_at,72,21,-27,61,16,85,-10,25,-38,65,-111,12,39,68,42,18,97,49,41,83,28,26,174,-34,154,45,87,36,0,-35,36,-17,39,1,1,-23,56,-27
mRNA,AB000115_at,281,250,358,118,197,71,168,296,198,113,164,185,111,165,174,148,183,197,225,2194,191,99,197,290,1559,110,178,205,341,74,328,74,214,103,239,221,405,1306
Semaphorin E,AB000220_at,36,43,42,39,39,32,10,59,27,39,19,35,41,51,-24,50,13,13,59,40,-2,24,3,41,32,21,162,11,-7,39,12,51,71,-61,72,39,192,32
MNK1,AB000409_at,-299,-103,142,-11,237,-112,87,-520,148,-25,-125,130,-16,-48,146,46,125,30,73,11,79,-190,-113,343,70,76,-57,180,-163,436,-143,88,-52,39,377,-14,-31,-349
VRK1,AB000449_at,57,169,359,274,311,232,131,70,313,204,307,158,971,315,498,125,366,165,285,813,534,28,134,380,208,285,197,79,110,86,133,111,178,181,96,120,36,255
VRK2,AB000450_at,186,219,237,245,186,30,199,556,259,54,87,54,220,110,207,177,488,166,99,199,173,19,104,203,80,23,115,320,259,107,131,96,48,47,173,285,113,115
mRNA; clone RES4-22A,AB000460_at,1647,2043,1997,2128,1608,1354,1784,2911,2117,1408,2117,1438,2256,1772,1770,1732,3172,1288,1514,2702,1405,1840,1424,2270,1404,1479,2325,2412,1632,1968,2044,1825,2175,976,1767,1939,1462,2818
SH3 binding protein; clone RES4-23A,AB000462_at,137,188,91,-82,204,-112,52,-44,-2,49,29,306,377,130,209,47,-95,136,4,237,203,553,-37,448,134,85,161,131,33,244,162,73,340,62,367,34,72,232
mRNA; clone RES4-24A; exon 1; 2; 3; 4,AB000464_at,803,756,2514,1489,322,750,409,1074,1495,246,706,629,964,666,548,668,1128,839,807,1258,209,748,902,1207,481,799,1125,813,654,584,867,280,799,379,843,1000,1320,1167
mRNA; clone RES4-24C; exon 1; 2; 3,AB000466_at,-894,-812,-1715,-969,-444,-1338,-1512,-1799,-823,-503,-570,-635,-528,-979,-721,-723,-1081,-397,-836,-851,-473,-627,-564,-502,-418,-403,-1693,-1157,-1106,-973,-1912,-1610,-807,-995,-1054,-1266,-732,-1168
mRNA; clone RES4-25; partial cds,AB000467_at,-632,-700,-603,-909,-254,-640,-823,-913,-686,-618,-478,-423,-645,-451,-331,-566,-787,-619,-482,-580,-287,-438,-834,-366,-351,-450,-1871,-753,-716,-668,-946,-406,-1021,-321,-859,-1024,-951,-1461
Zinc finger protein; clone RES4-26,AB000468_at,378,249,362,266,554,110,312,238,896,229,2433,38,937,719,1289,357,491,712,553,857,863,1166,250,579,-112,278,-345,88,-199,572,270,542,436,518,-107,111,122,376
Prostate differentiation factor mRNA,AB000584_at,-26,-242,-31,-181,16,-208,134,13,-11,-422,-98,-58,-863,12,-85,-237,-392,-288,-318,-645,-207,134,36,2,106,-524,-190,-279,115,-56,1010,1885,-128,13,-188,-274,-174,74
GB DEF = Cadherin FIB1; partial cds,AB000895_at,-691,-369,-1385,-900,-58,-1077,-831,-554,-297,-359,-148,-737,-582,-363,-547,-352,10,172,-438,393,-292,3,-302,-236,-144,-13,-1157,-482,-601,-506,-292,-759,-758,-97,-570,-776,-301,-305
GB DEF = Cadherin FIB2; partial cds,AB000896_at,2,-14,-374,-237,-78,-190,-228,-331,-57,-99,-106,-99,35,-163,-136,-169,-106,55,-165,-224,-37,-197,-184,-258,-83,-175,-104,-202,-137,-74,-234,111,-57,-59,-185,-265,-152,-38
GB DEF = Cadherin FIB3; partial cds,AB000897_at,-156,-98,-213,-156,-95,-81,-55,-85,-41,-68,-62,-28,-50,-185,-65,-81,-73,-86,-48,-109,-196,-107,-39,-123,-92,-133,-181,-87,-139,-202,-141,-50,-146,-43,-159,-103,-148,-164
GB DEF = DNA for H4 histone,AB000905_at,155,131,270,115,45,78,173,121,90,95,128,50,113,52,59,75,18,118,155,163,139,139,117,228,138,94,262,168,108,51,142,178,143,43,54,70,108,195
GLIA MATURATION FACTOR BETA,AB001106_at,355,431,603,255,569,136,282,295,450,400,487,227,765,255,286,470,255,182,354,833,753,291,364,320,169,169,309,274,625,202,249,433,279,218,369,336,297,587
AQP3 Aquaporin 3,AB001325_at,1149,941,1924,1078,501,1374,1357,1760,1897,792,1009,651,934,1100,359,828,796,605,952,920,502,810,807,833,847,646,1561,992,1187,955,1052,1336,1081,420,397,1003,1278,1968
KIAA0316 gene,AB002314_at,-131,-95,94,-24,-15,-88,33,-152,34,0,-42,-41,55,-44,-56,3,14,46,85,41,4,-5,-106,-48,50,43,137,-89,-43,14,39,36,79,-25,47,-23,92,92
KIAA0317 gene,AB002315_at,158,328,301,238,181,26,57,143,389,22,356,100,229,156,145,136,345,179,-9,326,172,-7,-20,140,145,114,20,134,60,327,149,255,239,254,660,69,330,168
KIAA0320 gene; partial cds,AB002318_at,1084,1215,1281,1316,296,841,1041,1253,1375,968,1567,494,757,990,631,965,1319,434,729,2048,838,584,438,1327,606,790,1891,1376,699,1432,747,1053,1625,67,1021,1013,1046,1342
KIAA0367 gene; partial cds,AB002365_at,87,53,128,112,-39,144,65,203,93,24,54,-1,-49,-12,90,-95,201,-30,27,260,51,71,49,102,-64,-53,208,57,7,91,41,-12,60,3,155,-61,23,8
KIAA0368 gene; partial cds,AB002366_at,125,-81,70,41,-1,64,-87,50,41,6,2,66,29,51,14,3,129,-17,-36,-14,93,-34,43,72,-39,-33,46,-17,38,-31,-12,-51,17,-7,0,-61,-37,-48
KIAA0382 gene; partial cds,AB002380_at,11,20,12,34,-2,-32,-95,11,-79,19,-89,-18,29,-6,32,9,80,73,15,367,458,150,7,-19,4,17,106,-52,-26,14,54,57,16,42,63,47,122,71
KIAA0384 gene,AB002382_at,553,215,460,512,514,515,347,1031,392,300,550,337,560,457,539,251,535,365,263,997,277,821,178,903,430,350,414,782,529,664,590,1029,716,179,122,378,145,851
GB DEF = SLC,AB002409_at,152,104,-3,-147,-29,88,-13,-109,35,-30,-22,27,-43,29,212,84,-38,0,-65,14,-99,-62,62,88,121,50,-172,88,12,-171,-40,-10,71,-29,30,-69,38,-118
Hunc18b2,AB002559_at,759,1656,1130,1062,822,1020,1068,1455,1099,1164,662,753,728,918,943,644,2703,916,677,1251,138,1557,750,814,667,616,1187,1801,1024,3084,1974,1084,1090,908,2474,1635,1591,1323
Proteasome subunit p44.5,AB003102_at,551,739,885,654,756,769,467,1015,842,439,1368,304,881,704,925,480,1160,583,348,1236,326,541,530,791,388,366,627,697,372,806,1145,618,586,467,684,750,600,742
Proteasome subunit p55,AB003103_at,34,37,141,90,159,12,139,130,69,78,189,11,233,160,115,196,295,52,81,453,233,36,104,236,26,40,104,64,134,23,56,-40,68,43,110,95,23,131
Proteasome subunit p27,AB003177_at,588,781,1044,652,999,576,764,614,1321,493,1168,196,637,728,609,647,610,342,278,1296,442,500,412,1043,365,603,859,628,637,779,965,598,517,635,857,561,296,790
Cdc7-related kinase,AB003698_at,129,182,423,147,243,136,110,79,376,206,326,96,469,373,219,138,520,178,129,419,351,-3,180,416,61,118,150,121,218,173,152,43,105,67,122,62,81,28
PKU-alpha; partial cds,AB004884_at,1128,944,1019,904,1037,528,956,766,1058,905,1104,419,1364,972,851,485,1396,611,574,1882,475,1145,592,699,791,784,1297,1094,423,1245,953,962,1198,491,1019,646,783,1055
Aquaporin 6,AB006190_at,919,759,1019,614,691,410,658,1088,707,427,605,505,701,631,385,524,799,643,583,935,353,656,516,758,548,557,921,852,779,661,591,591,761,321,843,571,637,836
WUGSC:H_133K23.1c gene extracted from Human BAC clone 133K23 from 7q31.2,AC000061_cds2_at,399,219,650,761,263,261,982,244,244,263,238,347,92,296,200,358,426,239,410,295,74,401,243,587,225,307,882,325,226,428,65,407,341,70,461,-1,299,685
WUGSC:H_133K23.1c gene extracted from Human BAC clone 133K23 from 7q31.2,AC000061_cds3_at,-206,-87,-183,-254,-122,-174,-282,-116,-42,10,-88,-70,-68,-113,-90,-50,-133,-143,-136,-134,-107,-134,-36,-160,-107,-89,-190,-237,-189,-184,-152,26,-196,-86,-147,-44,-133,-192
GB DEF = PAC clone 2G3A from 13q12-13q13; complete sequence,AC000062_at,20,13,-33,-9,-17,-42,6,34,-11,-2,-61,-31,-23,43,23,-2,-14,13,-22,15,-29,-34,-62,25,-10,24,42,-35,12,1,1,3,21,11,15,-19,-16,-44
WUGSC:H_RG083M05.2 gene extracted from Human BAC clone RG083M05 from 7q21-7q22,AC000064_cds1_at,271,595,457,414,397,145,499,530,307,305,199,353,296,603,386,299,357,289,228,452,272,320,341,897,252,200,874,596,774,359,513,606,454,321,536,565,519,596
WUGSC:H_RG083M05.1 gene extracted from Human BAC clone RG083M05 from 7q21-7q22,AC000064_cds2_at,78,142,205,142,85,135,176,283,187,60,149,54,166,136,165,134,59,98,88,202,126,94,250,101,93,68,175,102,305,180,152,43,205,129,103,154,172,266
GB DEF = BAC clone RG293F11 from 7q21-7q22; complete sequence,AC000066_at,32,42,2,-26,-23,-69,-10,14,-10,-7,24,15,3,2,31,4,-33,-76,-1,44,89,20,11,-45,-21,-31,-23,-24,-86,-63,1,-4,16,39,-41,-15,-16,-15
Metabotropic glutamate receptor 8 mRNA,AC000099_at,245,125,124,99,89,92,238,46,17,154,169,64,107,65,59,128,171,97,94,169,16,-9,131,130,33,60,336,152,110,123,163,174,117,130,-56,-160,223,218
WUGSC:H_GS188P18.1a gene extracted from Human BAC clone GS188P18,AC000115_cds1_at,-98,-19,86,-57,-199,26,110,59,45,-80,32,-28,-128,-195,-17,70,-61,-121,-54,-63,-154,-206,93,-113,-167,-86,81,-150,-79,-225,-108,-39,97,-78,-128,-14,49,-266
A-589H1.1 from  Homo sapiens Chromosome 16 BAC clone CIT987-SKA-589H1  ~complete genomic sequence; complete sequence./ntype=DNA /annot=mRNA,AC002045_xpt1_at,70,180,92,150,149,136,52,172,137,73,272,90,115,102,55,53,340,-13,66,343,62,160,317,271,167,108,145,220,43,97,197,109,51,119,159,124,206,97
WUGSC:DJ515N1.2 gene extracted from Human PAC clone DJ515N1 from 22q11.2-q22,AC002073_cds1_at,146,224,15,-87,169,85,-3,101,75,-62,233,41,121,-15,109,15,306,124,21,102,-42,138,-93,278,253,78,-62,166,189,258,262,-20,634,-1,132,-189,252,412
GUANINE NUCLEOTIDE-BINDING PROTEIN G(T); ALPHA-1 SUBUNIT,AC002077_at,-260,-638,-402,-862,-254,-88,-635,-1365,-452,-247,-239,-321,-488,-525,-250,-74,-616,-229,-6,19,-52,71,-321,-280,-157,-109,-162,-238,-406,-552,-477,-290,-322,-233,-391,-508,-484,-287
GB DEF = PAC clone DJ525N14 from Xq23; complete sequence,AC002086_at,117,0,-12,-34,65,40,-90,-86,-11,30,122,8,65,28,8,19,76,11,36,74,68,35,36,123,59,-4,0,79,-64,38,42,54,79,-5,-42,68,64,40
COX6B gene (COXG) extracted from Human DNA from overlapping chromosome 19 cosmids R31396; F25451; and R31076 containing COX6B and UPKA; genomic sequence,AC002115_cds1_at,2236,5198,4263,3083,3569,2832,2478,2905,4693,3191,3621,3397,2711,3055,4572,3307,5055,2585,2288,7634,1310,2063,2538,3440,3634,3334,2960,3766,2269,4232,3275,3247,3001,3392,5942,2919,1734,2320
F25451_3 gene extracted from Human DNA from overlapping chromosome 19 cosmids R31396; F25451; and R31076 containing COX6B and UPKA; genomic sequence,AC002115_cds3_at,729,533,960,675,425,686,910,779,850,777,727,586,555,439,474,728,801,404,528,443,441,648,854,850,527,437,884,789,776,1007,931,916,881,380,384,858,390,914
UPKA gene extracted from Human DNA from overlapping chromosome 19 cosmids R31396; F25451; and R31076 containing COX6B and UPKA; genomic sequence,AC002115_cds4_at,-1031,-1029,-1667,-942,-964,-647,-767,-1980,-1202,-1007,-1029,-199,-936,-1004,-324,-1025,-1790,-693,-731,-2070,-446,-952,-701,-564,-862,-775,-650,-1297,-913,-1524,-1490,-1356,-1266,-223,-1503,-1187,-137,-1493
F25451_2 gene extracted from Human DNA from overlapping chromosome 19 cosmids R31396; F25451; and R31076 containing COX6B and UPKA; genomic sequence,AC002115_rna2_at,362,387,646,294,580,430,307,281,662,326,417,353,653,442,614,439,416,374,217,1000,128,206,167,789,507,365,84,223,74,695,663,245,678,599,481,472,764,438
GB DEF = BAC clone GS244B22 from 7q21-q22; complete sequence,AC002450_at,-28,36,2,-112,56,-115,-68,-11,-20,-60,-5,20,-51,-24,30,-80,87,17,-6,118,6,41,-9,-19,-37,-23,106,-12,-62,41,-26,119,-42,-34,-27,-6,-79,-59
GB DEF = BAC clone RG331P03; complete sequence,AC002464_at,-294,33,110,12,15,-67,-38,-221,-158,-99,-140,-80,115,-218,32,-100,-50,-93,-39,-310,-181,-153,-64,277,-66,59,98,-200,-197,-249,-205,52,-348,38,-201,-138,-295,-287
GB DEF = BAC clone RG367O17 from 7p15-p21; complete sequence,AC002486_at,333,128,352,109,151,208,162,149,309,97,176,189,102,190,24,111,12,176,89,91,107,201,237,231,135,169,231,203,290,333,141,179,128,126,224,219,97,248
Hypothetical human serine-threonine protein kinase R31240_1 gene extracted from Homo sapiens DNA from chromosome 19p13.2 cosmids R31240; R30272 and R28549 containing the EKLF; GCDH; CRTC; and RAD23A genes; genomic sequence,AD000092_cds1_at,207,-10,109,520,-126,401,-220,188,180,136,203,505,110,125,90,-65,-202,-235,-51,-461,393,487,288,398,32,-222,92,333,538,67,529,-68,11,494,523,176,267,-56
Hypothetical human protein R31240_2 gene extracted from Homo sapiens DNA from chromosome 19p13.2 cosmids R31240; R30272 and R28549 containing the EKLF; GCDH; CRTC; and RAD23A genes; genomic sequence,AD000092_cds2_at,-1305,-887,-1792,-2151,-152,-705,-1601,-1742,-667,-79,-579,-665,-884,-878,-573,-408,-960,-583,-102,-995,-643,-1137,-647,-540,-540,-639,-420,-1094,-697,-1292,-402,-919,-876,-352,-555,-1580,-1532,-1064
LISCH7 gene (liver-specific bHLH-Zip transcription factor) extracted from Homo sapiens DNA from chromosome 19-cosmid R30879 containing USF2; genomic sequence,AD000684_cds1_at,-214,88,-270,-203,40,21,-181,-32,-158,-59,-115,-165,-118,-96,-64,-38,-124,-26,25,-100,62,-36,-165,-178,-81,-75,-92,-89,-420,-88,10,-82,-128,30,7,-79,21,-151
Comment for location 3447-3655: BLASTX gi|103290|pir||S16356 ovo protein - fruit fly (Drosophila melanogaster); PVal= 3.8e-47 gene extracted from Homo sapiens DNA from chromosome 19-cosmid f24590 containing CAPNS and POL2RI; genomic sequence,AD001527_cds1_at,141,199,226,108,224,144,220,31,177,172,109,150,57,152,186,137,126,112,98,220,39,31,201,97,100,52,247,67,91,177,215,165,226,105,273,79,184,189
Sm-like protein CaSm (CaSm) mRNA,AF000177_at,-97,348,150,135,280,-176,176,-263,327,89,485,-57,349,92,199,47,192,110,-74,382,213,17,-1,463,82,46,275,142,-180,95,-106,98,131,155,-73,22,-13,98
RAS-RELATED PROTEIN RAB-11A,AF000231_at,169,71,92,88,196,-24,146,53,132,39,102,18,293,-27,105,256,80,15,162,704,203,51,18,245,17,150,9,23,-31,37,5,48,47,0,-51,43,131,-30
P2x purinoceptor mRNA,AF000234_at,-135,-27,-320,-240,-183,-142,-455,-683,-86,-22,-158,-136,-46,-271,-218,-186,98,-93,-706,-668,-184,-370,-265,-212,-475,-288,-132,-17,-348,116,-1073,-768,-98,-257,308,-69,-202,-559
Dynamin-like protein mRNA,AF000430_at,7,-5,5,3,112,-51,-1,92,-52,-71,-13,41,38,15,82,-44,4,-4,-37,27,1,15,-81,14,-64,-43,-9,-30,-4,34,73,9,0,50,84,-47,46,-30
GB DEF = Putative purinergic receptor P2Y10 gene,AF000545_at,-273,-71,-191,-269,-48,-243,-272,-337,-129,-152,-29,-17,-53,-237,79,154,-149,24,-347,-596,-138,-154,112,-213,7,-63,-344,-17,-120,-216,-350,-452,143,7,84,-651,-561,-669
TTF-I interacting peptide 20 mRNA; partial cds,AF000560_at,457,-45,376,325,221,280,361,740,296,-150,127,-149,458,489,75,-2,-13,342,-77,164,-7,211,227,432,3,55,-65,200,281,656,-96,173,865,217,289,405,237,301
Uroplakin II mRNA; partial cds,AF000562_at,1002,1152,953,1012,885,901,920,1706,976,967,1008,807,603,811,716,1280,2046,817,811,2446,775,1016,875,431,1314,852,1034,1486,555,2016,1664,1416,1428,1028,1397,1018,1387,976
Homogentisate 1;2-dioxygenase gene,AF000573_rna1_at,-62,-83,-91,-172,-40,-49,-36,-97,-45,8,-69,-122,-26,-61,-70,-86,-184,-43,-91,-8,37,26,-72,-77,-19,-7,-179,-76,-211,-71,-119,-116,-31,7,-138,-17,-150,-133
Transmembrane protein mRNA,AF000959_at,-468,-829,-496,-739,-55,-542,-566,-512,-451,-425,-235,-518,-254,89,-141,-417,-678,-22,-233,-629,-473,-426,-550,-279,-185,-334,-1026,-108,-355,-220,-699,-475,-406,-129,-309,-695,-663,-489
IPL (IPL) mRNA,AF001294_at,-154,-50,-177,193,-71,104,248,415,-217,62,31,79,-61,60,-97,124,232,30,88,-143,207,-224,184,96,-191,-124,159,29,-19,185,341,14,-166,43,441,311,469,37
Trabecular meshwork inducible glucocorticoid response protein (TIGR) mRNA,AF001620_at,-119,-12,-29,-29,-36,-42,10,43,-75,36,21,5,-97,-36,-46,6,-27,-103,-72,-52,-64,-22,56,-36,-7,-99,78,-158,-115,-86,-47,-80,-90,-13,46,-95,-16,-231
Niemann-Pick C disease protein (NPC1) mRNA,AF002020_at,54,117,175,235,150,142,221,217,141,171,88,132,206,215,249,344,439,149,275,198,276,138,188,250,194,199,350,162,-9,146,356,250,107,98,106,3,47,159
GB DEF = Angelman Syndrome Gene; E6-AP ubiquitin protein ligase 3A (UBE3A) mRNA from promoter P1; 5'UTR,AF002224_at,180,372,491,528,162,446,527,893,480,421,259,334,111,81,509,211,857,391,11,110,406,443,632,542,144,142,650,668,365,572,181,372,638,231,216,582,435,717
RET ligand 2 (RETL2) mRNA,AF002700_at,373,480,856,506,213,414,772,836,449,128,152,363,201,277,140,135,1006,312,281,417,191,347,455,362,358,349,974,523,425,551,387,376,716,263,683,554,824,1069
GB DEF = Delayed rectifier potassium channel (KVLQT1-Iso5) mRNA; 5' UTR and partial cds,AF003743_at,484,485,-159,597,155,501,774,982,-341,59,72,505,102,313,303,338,-106,-78,-137,-545,357,-221,590,418,573,251,747,70,60,182,771,25,-279,-11,465,451,552,181
GB DEF = Secretory carrier membrane protein (SCAMP1) mRNA,AF005037_at,99,21,-6,33,110,76,70,76,98,9,-23,-73,116,80,97,47,132,23,56,207,-28,-166,-1,54,-17,-15,-37,-12,-91,49,-41,-102,21,27,-27,6,33,33
Poly(ADP-ribose) glycohydrolase (hPARG) mRNA,AF005043_at,65,92,163,139,107,76,68,-40,98,62,25,21,151,68,62,89,110,95,57,176,196,-23,-41,51,24,60,29,42,2,-3,14,59,10,38,10,27,25,-24
GB DEF = Importin alpha 6 mRNA,AF005361_at,-60,62,30,6,-16,-35,-13,56,-62,49,4,-48,28,32,33,14,-30,10,5,16,-39,-64,-13,68,-23,-4,18,-67,-19,-55,33,-35,7,17,-7,-45,-36,-46
Caspase-like apoptosis regulatory protein 2 (clarp) mRNA; alternatively spliced,AF005775_at,451,647,842,531,514,487,403,671,492,422,351,352,458,510,424,525,567,1242,296,633,1036,459,469,696,328,410,791,751,598,1249,1157,455,504,772,782,1251,638,744
ATF family member ATF6 (ATF6) mRNA,AF005887_at,197,119,293,118,200,44,181,206,93,55,152,8,137,86,103,124,182,110,56,339,6,-66,-7,44,78,96,-103,152,-209,166,149,6,42,15,92,91,168,326
Fas-binding protein (DAXX) mRNA; partial cds,AF006041_at,946,178,2011,515,478,553,1073,2126,743,629,686,181,1420,768,400,913,880,837,914,1449,427,564,70,1474,69,778,391,511,863,1152,685,512,741,504,601,1441,709,1263
Arp2/3 protein complex subunit p41-Arc (ARC41) mRNA,AF006084_at,1190,866,1408,948,1129,983,1287,566,813,765,460,1096,1029,953,1067,737,528,688,443,1089,258,126,431,1302,551,792,658,1299,887,2418,1173,156,1070,395,3219,1678,940,1198
Arp2/3 protein complex subunit p20-Arc (ARC20) mRNA,AF006087_at,370,1466,1334,552,711,227,530,527,1693,642,397,319,560,567,532,502,846,450,325,1277,194,421,480,848,168,363,496,443,394,522,453,3,202,351,1096,481,521,749
GB DEF = RGS3 mRNA; 5' UTR,AF006609_at,-300,17,-330,-141,173,-156,-628,-410,-451,-398,-132,-232,3,-189,-58,-377,-31,-117,-156,9,-201,-239,-357,-21,-39,-39,-311,109,-548,-235,-375,-341,-118,-195,-522,-260,-19,-253
MDM2-like p53-binding protein (MDMX) mRNA,AF007111_at,330,43,428,449,122,245,144,178,169,61,182,7,273,165,158,230,177,209,235,487,103,375,321,299,118,36,75,109,456,192,9,101,87,87,40,142,161,184
Bet1p homolog (hbet1) mRNA,AF007551_at,141,21,-57,87,244,64,465,374,75,14,48,146,112,203,317,290,52,62,169,122,136,37,151,400,104,-39,1,375,206,82,262,296,279,89,69,45,240,42
Dolichol monophosphate mannose synthase (DPM1) mRNA; partial cds,AF007875_at,260,362,400,361,389,156,283,203,310,265,309,201,544,282,461,373,258,269,264,1157,778,187,155,600,156,127,292,209,108,262,300,268,279,310,441,275,156,229
Phospholipid scramblase mRNA,AF008445_at,124,65,-102,-68,24,-16,-109,-55,-90,-10,-2,68,158,-21,84,-9,107,-86,5,1829,930,51,-62,215,247,62,-168,-158,9,198,1741,-9,9,494,-131,0,-1,1314
GB DEF = Syntaxin-16C mRNA,AF008937_at,339,453,297,403,440,357,317,568,296,253,268,188,288,342,366,276,993,179,196,541,23,223,288,483,452,137,375,538,363,513,312,388,455,226,564,457,727,597
GB DEF = TEB4 protein mRNA,AF009301_at,288,95,93,142,214,64,77,266,14,51,361,30,440,361,312,115,775,140,98,1007,-19,82,45,572,84,83,34,117,60,98,95,102,36,111,70,-39,290,133
GB DEF = Luman mRNA,AF009368_at,1032,635,1175,1079,658,1365,1424,1520,1506,449,741,767,722,1118,633,1136,750,668,712,1299,805,907,1229,1192,925,620,1395,1561,884,603,759,1143,1161,476,647,1080,793,746
Clone 22 mRNA; alternative splice variant alpha-1,AF009426_at,36,58,63,38,120,92,16,169,43,-18,26,-81,123,89,268,171,53,-5,86,267,206,-23,-87,135,-35,2,20,-105,-67,-43,-45,-42,-44,-21,-33,-41,9,-107
Axin (AXIN) mRNA; partial cds,AF009674_at,-66,-239,-328,307,212,314,-653,332,221,-106,-169,-446,-93,66,123,-60,-404,-146,143,331,573,-155,-288,463,90,129,-799,-6,-315,-207,-653,62,55,143,87,-579,-387,479
MAD-related gene SMAD7 (SMAD7) mRNA,AF010193_at,87,548,93,-31,159,101,119,589,245,451,91,484,458,158,128,225,555,288,97,1757,363,598,207,153,534,149,680,74,211,439,169,248,465,130,407,194,227,224
Peropsin (Rrh) mRNA,AF012270_at,-12,139,237,104,29,-8,223,416,10,59,29,91,-14,105,37,106,485,134,109,104,144,158,106,78,95,110,34,-95,113,110,234,240,232,86,69,194,73,264
Chemokine receptor X (CKRX) mRNA,AF014958_at,318,243,19,108,40,112,329,166,110,159,96,-71,139,112,-36,345,1057,176,268,180,382,15,197,32,306,110,424,81,259,418,159,340,17,174,197,478,444,565
GB DEF = Unknown protein mRNA; partial cds,AF015910_at,1219,1055,1820,1074,822,394,1154,1763,1157,902,837,178,1077,171,316,1317,2041,1140,1053,1767,630,1212,281,1559,460,1196,843,914,240,1735,967,666,563,539,1934,315,741,1908
GB DEF = SKB1Hs mRNA,AF015913_at,476,611,850,691,1304,346,653,550,826,472,439,239,1558,705,942,560,1366,369,584,2460,0,206,537,1205,337,385,536,424,300,412,270,253,425,346,352,474,493,410
GB DEF = Telomerase reverse transcriptase (hTRT) mRNA,AF015950_at,-466,-49,-277,-670,-180,-453,-700,-191,-163,-183,-329,-431,-43,-296,-73,334,-436,105,-282,29,-176,-56,-142,221,-137,-211,-863,-852,-529,-646,-574,-525,-346,-344,-261,-497,-544,-602
GB DEF = C8FW phosphoprotein,AJ000480_at,895,749,1049,1016,634,752,920,254,934,536,607,456,617,592,624,608,925,833,473,801,348,592,478,944,682,611,1391,924,524,2210,1525,983,2416,570,1827,1000,1456,2912
GB DEF = Matrilin-3,AJ001047_at,-451,-108,-265,-378,-171,-257,-514,-250,-291,-218,-129,-137,-146,-128,-159,-223,-311,-256,-209,-415,-122,-252,-355,-325,-173,-333,-552,-341,-310,-467,-267,-263,-150,89,-72,-177,-253,-577
GB DEF = Rer1 protein,AJ001421_at,687,829,914,982,1294,743,680,527,1352,675,383,616,1071,1004,1106,547,1790,574,660,1828,394,996,457,1366,486,141,342,588,613,1665,1164,533,1038,671,1821,644,630,792
GB DEF = Transformation-sensitive protein; 3'UTR,AJ001487_at,-591,-415,-653,-546,-264,-503,-875,-490,-778,-329,-391,-290,-275,-365,-370,-240,-235,-135,-403,-145,-181,-418,-507,-378,-362,-292,-242,-544,-824,-849,-539,-196,-716,-161,-220,-261,-395,-208
ANX2 Annexin II (lipocortin II),D00017_at,-94,2072,1658,2209,5846,1189,2263,1015,7449,1483,2527,1352,1974,718,1727,2161,1707,299,-2,714,1833,627,664,1057,400,1063,2664,69,476,7883,3290,595,185,889,8752,3570,1441,3260
CHC1 Chromosome condensation 1,D00591_at,172,87,323,261,536,-277,210,311,194,137,291,-114,144,18,263,274,-10,17,314,275,164,-31,89,178,117,239,158,279,-194,234,288,303,251,195,137,119,36,333
TYMS Thymidylate synthase,D00596_at,1800,2629,3933,1438,2439,2046,742,277,6284,2216,3658,1033,4359,1290,2102,529,2196,1721,1171,1350,782,442,1518,2200,991,629,835,458,942,1753,1529,787,3107,1114,1091,1665,175,306
GPX3 Glutathione peroxidase 3 (plasma),D00632_at,194,287,695,544,104,330,588,827,177,283,285,80,87,254,117,151,248,172,293,137,163,523,205,261,105,190,89,178,290,255,696,677,258,163,510,410,462,894
Enteric smooth muscle gamma-actin gene; 5' flank and,D00654_at,-77,94,-181,-142,37,-17,-196,-80,61,-84,-35,-24,-29,-112,58,-23,-31,-30,-15,114,-19,-1,-72,-45,20,-18,35,-185,-98,-168,-54,-19,-22,37,172,-104,-32,-130
GCSH Glycine cleavage system protein H (aminomethyl carrier),D00723_at,40,87,77,136,223,-23,42,-26,82,66,68,8,68,86,75,44,107,-9,41,544,697,6,81,208,-15,43,26,10,-9,-21,47,59,0,37,132,39,11,43
FECH Ferrochelatase (protoporphyria),D00726_at,274,432,640,283,201,208,445,802,451,338,279,83,257,296,61,307,360,349,566,1357,383,291,359,191,344,91,438,279,699,408,2883,2185,744,1165,698,358,392,1284
PSMA3 Proteasome component C3,D00760_at,746,593,1778,783,1147,540,779,398,1595,579,1187,517,610,770,1056,531,347,761,511,2159,1195,530,469,841,425,275,434,284,562,297,804,652,735,701,646,818,213,439
PSMA5 Proteasome component C5,D00761_at,649,1420,1167,893,1423,659,717,542,1432,1666,1516,731,1630,813,1520,867,587,894,628,2992,2313,400,1005,1575,447,707,500,661,1000,656,2171,1674,1474,2401,2111,1338,650,1417
PROTEASOME COMPONENT C8,D00762_at,645,782,1119,770,1202,444,677,337,688,570,802,334,1097,685,857,622,455,654,471,1694,590,286,368,1072,242,240,574,419,331,521,741,543,630,677,676,570,479,964
GAPD Glyceraldehyde-3-phosphate dehydrogenase,D00763_at,1324,2304,2677,1415,2076,953,1513,922,3039,1619,1113,632,3365,1781,1907,2398,1405,794,2089,6521,2912,500,972,2411,470,1509,1855,815,714,1104,673,546,814,1076,1361,1161,660,474
PTAFR Platelet activating factor receptor,D10202_at,42,82,-3,101,80,122,35,-37,-44,-1,23,45,32,73,-36,90,-66,73,-184,-181,-94,28,-22,166,80,93,37,-299,-153,748,309,50,-310,3,1008,145,-144,-393
PRKCD Protein kinase C; delta,D10495_at,-208,334,-386,366,408,200,381,-215,-322,36,-163,448,-102,153,195,9,192,-182,-114,-52,-131,172,186,177,209,-156,-517,908,228,1087,1174,284,319,259,2131,676,264,507
ACAT1 Acetyl-Coenzyme A acetyltransferase 2 (acetoacetyl Coenzyme A thiolase),D10511_at,-66,58,150,370,709,119,152,62,255,166,156,316,509,243,311,135,149,199,266,382,218,78,83,497,180,269,194,224,60,361,174,29,200,151,403,283,89,-47
MACS Myristoylated alanine-rich C-kinase substrate,D10522_at,397,515,343,36,29,53,-8,19,13,652,549,-7,1420,97,-20,312,438,408,20,18,217,286,550,7,48,13,42,54,24,2719,706,24,104,42,707,464,115,438
OGDH Oxoglutarate dehydrogenase (lipoamide),D10523_at,415,641,1053,630,771,604,710,235,1097,420,585,290,550,1051,500,372,281,389,200,508,27,150,478,489,214,317,250,723,408,812,438,85,378,-10,602,752,494,368
CRK V-crk avian sarcoma virus CT10 oncogene homolog,D10656_at,210,166,380,112,209,259,119,29,43,16,173,81,209,30,45,83,162,141,150,205,129,113,239,275,127,-53,350,151,132,129,247,160,197,99,10,364,13,547
CHK Choline kinase ,D10704_at,-252,95,-363,-300,177,-78,-349,-650,-425,68,-198,-142,-78,-79,261,-94,7,-77,-152,274,139,-137,-89,265,-101,127,-639,-142,-266,-300,212,-182,-258,143,43,-344,-206,-426
PROBABLE G PROTEIN-COUPLED RECEPTOR HM74,D10923_at,-36,23,-21,-41,71,76,-70,-61,-14,10,-41,265,-20,75,-36,-42,-62,3,-60,-69,96,-18,-34,-64,196,182,-140,18,-137,1412,367,-40,5,50,205,82,4,72
GB DEF = Serotonin 1B receptor,D10995_at,350,249,767,420,179,371,331,665,500,396,261,264,463,233,93,278,263,262,-34,220,102,130,317,479,65,266,511,398,334,757,473,83,601,151,469,654,682,413
IL2RG Interleukin 2 receptor gamma chain,D11086_at,1497,3649,2853,1853,1507,3549,2772,2545,5269,1873,2998,2558,1319,4519,1826,1385,7260,833,898,3020,1982,676,1485,2367,1956,1813,891,2119,2224,1158,770,438,750,713,225,3693,1628,744
26S PROTEASE REGULATORY SUBUNIT 7,D11094_at,-42,399,102,-3,504,23,-89,-101,305,51,1031,-47,248,395,391,273,407,109,94,1276,1043,132,132,189,43,68,-17,16,-48,198,80,261,248,424,22,54,141,42
TIMP1 Tissue inhibitor of metalloproteinase 1 (erythroid potentiating activity; collagenase inhibitor),D11139_at,43,-155,-169,47,-67,-71,-144,-350,-68,15,-43,-60,-107,39,-1,-64,-340,-61,47,-167,-63,26,-246,-81,37,-108,-195,-104,129,-232,-38,-73,1,-143,-96,132,26,105
EDNRA Endothelin receptor type A,D11151_at,96,75,93,95,52,53,13,92,80,38,42,45,22,8,51,62,89,45,111,73,62,74,132,128,-5,134,97,82,52,43,127,152,40,10,77,28,201,83
PMP22 Peripheral myelin protein 22,D11428_at,-104,103,-347,-79,-111,-496,67,-442,95,-289,-134,-66,-346,-51,144,-48,-612,19,142,3634,-186,-185,-457,-271,-302,-165,-531,-83,-28,-282,87,219,191,-250,-143,190,-469,-28
Plasma cell membrane glycoprotein (PC-1) mRNA,D12485_at,163,34,55,66,56,71,117,46,165,76,29,60,65,92,20,64,37,-68,65,20,107,-48,11,29,-127,-21,1,8,60,34,-27,26,80,43,23,-166,48,129
NF1 Neurofibromin,D12625_at,5,-36,-110,-23,-33,28,63,-17,-39,-37,17,-8,-42,59,-32,-13,44,-9,5,-31,-21,-19,-28,-104,-37,-45,37,-44,-64,40,-21,-65,-43,-29,16,13,26,-25
Lysosomal sialoglycoprotein,D12676_at,-8,-177,-39,-15,17,-69,-13,-22,-67,-51,-62,2,19,-30,-44,1,-64,-15,16,105,8,-2,-129,5,-42,-38,-9,-70,-64,-64,-19,22,33,-38,-57,-109,-25,0
EIF4G Eukaryotic translation initiation factor 4 (eIF-4) gamma,D12686_at,-1247,-1695,-1648,-1409,-435,-1168,-1357,-728,-2050,-1055,-901,-1245,-458,-452,-664,-810,-1849,-866,-733,-1650,-1055,-1111,-1413,-903,-1166,-788,-3062,-1011,-930,-1701,-1578,-819,-1931,-1118,-1099,-1328,-1491,-2763
ST2 Suppression of tumorigenicity 2,D12763_at,-189,-330,-298,-39,-278,-288,-21,31,-353,-8,-308,18,-66,-175,-202,-178,-391,-285,-31,-317,-26,-39,-277,-443,-259,-228,39,-464,-259,-395,-237,28,-94,-70,-226,-147,7,-258
ATP SYNTHASE LIPID-BINDING PROTEIN P1 PRECURSOR,D13118_at,3245,2925,4093,3827,3814,3070,3540,3731,3821,2746,2481,2940,3016,3406,2834,2459,3480,1794,2806,5163,2516,3133,2564,3124,2271,2477,3683,3900,3772,4398,3449,3415,3685,1625,3103,3971,3198,3365
EDNRB Endothelin receptor type B,D13168_at,37,22,-44,5,21,24,72,49,43,-2,-3,1,2,1,51,2,57,40,-12,-13,-16,44,70,-2,-19,-13,115,25,-7,33,-1,22,-4,-10,39,-14,1,-30
MSR1 Macrophage scavenger receptor 1,D13264_at,21,21,-102,-21,-20,-71,-11,-76,-82,-21,-42,40,-29,1,4,6,-38,-34,2,11,-48,-19,26,-21,-35,-49,-34,-73,-98,11,-52,-24,-108,15,11,-111,-58,-54
CCKBR Cholecystokinin B receptor,D13305_at,-185,-297,-282,-675,-392,-576,-134,-605,-187,-108,-128,-159,-476,-544,-160,-113,-362,-140,-305,-643,-13,-551,-94,-552,-225,-222,-214,-358,-108,-259,-152,-343,-227,-62,-222,-128,211,-79
GLO1 Glyoxalase I,D13315_at,660,1004,1604,499,889,560,33,184,1939,933,960,482,1431,572,737,651,1156,827,710,1652,1080,402,638,619,367,475,120,640,228,323,517,227,1252,177,716,422,717,582
DNA-(APURINIC OR APYRIMIDINIC SITE) LYASE,D13370_at,2028,1732,2519,2650,3255,1666,1429,1430,3079,1349,2176,926,2566,2329,2288,1962,2755,1335,1665,5912,1569,1615,1130,3047,1061,1396,1699,1538,1322,781,1395,1090,1933,1475,2065,2256,1081,1399
PIGF Phosphatidylinositol glycan; class F,D13435_at,407,68,348,428,484,80,428,16,198,137,94,160,272,251,285,328,562,180,233,809,93,90,91,333,61,143,223,170,146,203,90,10,110,0,212,257,95,254
PTPN11 Protein tyrosine phosphatase; non-receptor type 11,D13540_at,169,90,254,201,126,167,231,248,190,28,72,110,46,96,35,44,143,80,56,48,44,171,241,128,73,18,145,114,153,158,200,170,185,17,143,183,266,236
KIAA0001 gene,D13626_at,37,13,63,-22,-22,-106,-53,-92,-70,-59,-20,-70,720,-38,-22,60,29,27,285,102,-74,69,-93,-18,3,55,45,-11,-40,-64,-17,21,-45,-43,14,0,-4,-18
KIAA0002 gene,D13627_at,600,977,1423,698,1839,720,620,388,1986,1166,1156,129,1797,989,1430,960,698,1145,903,4074,3191,222,328,1434,1620,843,1639,910,206,319,394,204,964,983,785,328,246,133
ANGPT1 Angiopoietin 1,D13628_at,129,113,302,187,153,5,325,-10,319,111,204,27,152,329,35,121,812,110,45,204,84,126,20,300,104,131,403,1165,351,160,45,139,344,114,219,567,569,438
KIAA0005 gene,D13630_at,667,951,1119,596,786,295,589,533,1277,510,705,432,651,631,523,518,467,231,228,2299,1512,525,459,971,369,285,686,384,317,512,1013,240,493,470,759,625,453,775
KIAA0008 gene,D13633_at,174,44,173,139,148,7,99,31,208,78,136,20,488,65,128,49,52,138,53,150,154,41,125,123,33,12,126,2,36,128,108,95,79,150,-26,87,12,-6
KIAA0009 gene,D13634_at,126,86,245,153,145,128,178,151,94,115,192,106,236,129,141,51,122,55,54,176,111,162,153,278,101,106,164,131,245,105,108,93,146,97,164,119,158,143
KIAA0010 gene,D13635_at,-147,12,-18,-46,-9,17,36,-80,114,10,-27,27,32,-77,22,-14,71,-1,28,276,-99,27,-28,-60,-2,-40,-92,-83,45,-71,-22,-98,-105,30,34,37,-49,-26
KIAA0011 gene,D13636_at,-24,-134,-213,-60,257,5,336,-98,173,256,34,48,370,211,265,264,149,10,143,1066,313,-75,-121,357,-176,76,-3,-146,-120,-50,-269,-247,-230,45,-655,82,177,-119
KIAA0012 gene,D13637_at,98,138,-276,134,51,-133,53,-70,-255,-100,-132,50,341,-153,275,-95,-26,-190,-68,185,49,-107,-74,127,56,-142,-278,-236,-127,29,-54,-87,-38,18,-175,3,-149,-108
CCND2 Cyclin D2,D13639_at,4707,3367,-44,101,1276,30,154,2326,1848,114,24,1531,4215,49,259,2418,7650,527,4246,4477,21,41,127,296,2295,5865,330,812,685,176,421,1543,2727,1234,-9,1518,1754,2889
HLA-C Major histocompatibility complex; class I; C,D13640_at,656,185,426,975,1196,503,764,380,916,2,321,1401,2099,157,1205,949,1312,292,959,1586,529,417,36,1076,895,1469,298,1778,810,1124,547,-5,452,239,456,963,2315,678
KIAA0016 gene,D13641_at,307,1352,640,469,1454,510,608,625,1342,839,1292,765,1464,780,1211,593,1662,406,891,4643,1777,1637,621,1173,532,295,492,934,663,658,703,858,1206,960,1112,974,988,975
KIAA0017 gene,D13642_at,100,372,-1,234,266,156,137,194,49,106,118,11,129,75,106,196,122,47,-4,127,163,142,153,332,170,112,42,68,52,124,-211,20,110,-93,148,124,165,336
KIAA0018 gene,D13643_at,-741,-218,-196,-796,-384,-110,-339,-670,824,-224,-272,-211,-465,-91,-329,-559,-1570,-418,-217,-386,-238,-256,-258,-495,-278,-493,-1372,-1204,-444,-377,-418,-441,-336,-235,-434,-476,-616,-301
40S RIBOSOMAL PROTEIN S17,D13644_at,60,-10,39,82,37,62,6,47,-24,15,34,56,93,24,83,-16,55,53,46,141,6,122,-7,96,17,58,17,-21,141,-2,11,-8,24,42,8,27,19,38
KIAA0020 gene,D13645_at,-121,121,-353,18,284,-1,-80,-118,10,73,-19,-91,142,132,232,12,-27,-49,-12,724,-71,-145,-265,83,-78,-14,-46,-85,-158,-76,-155,-116,-80,7,-87,-37,1,-204
EIF4A1 Eukaryotic translation initiation factor 4A (eIF-4A) isoform 1,D13748_at,2434,6886,6447,5181,8372,5203,5440,6361,8463,5838,4633,5084,5838,6653,7367,4250,9271,3178,5083,10555,328,4391,3852,7659,5630,4197,3229,9068,6369,10920,7311,5563,8202,4350,10903,9000,2831,7015
MGAT3 Mannosyl(beta-1;4-)-glycoprotein beta-1;4-N-acetylglucosaminyltransferase,D13789_at,-330,-803,-1311,-808,-447,-768,-836,-1362,-809,-673,-678,-619,-487,-741,-439,-623,-1141,-729,-450,-813,-614,-706,-611,-947,-605,-859,-1314,-826,-935,-1110,-1021,-432,-800,-410,-920,-791,-940,-1082
Peptide YY precursor gene extracted from Human DNA for peptide YY,D13897_rna2_at,557,346,669,450,207,394,477,626,587,409,445,373,294,410,337,340,215,252,205,356,492,457,398,518,271,318,234,226,632,622,478,423,445,183,122,570,582,615
Mitochondrial short-chain enoyl-CoA hydratase,D13900_at,1634,1778,2122,2331,2452,1104,2117,1184,2562,1401,858,1197,2176,783,3532,1553,2193,2295,1517,4253,1414,1004,704,1603,1076,1950,1896,1784,1940,1969,1306,1250,1570,841,2141,2401,2140,1320
DNA-BINDING PROTEIN MEL-18,D13969_at,-243,-145,-85,-206,-45,-147,-243,-344,-228,-111,-58,-61,-85,-150,91,-80,-452,-54,-196,-42,26,-90,-207,-58,131,-7,-242,-123,-298,-132,-344,-205,-385,-109,-220,-321,-147,-301
Rab GDI mRNA,D13988_at,1797,860,2072,2817,3556,1118,1670,818,2511,730,1532,725,1591,977,1815,919,1123,1251,1065,2610,206,1025,832,2208,676,361,882,1219,1466,1518,773,824,1566,699,1919,1156,756,1177
PUTATIVE MUCIN CORE PROTEIN PRECURSOR 24,D14043_at,1160,823,858,980,1761,151,1068,677,808,413,433,471,2219,1289,1570,891,1494,441,1504,7309,1163,491,284,1356,960,504,469,1612,610,594,572,313,920,394,386,821,3293,858
RECA Replication protein A (E coli RecA homolog; RAD51 homolog),D14134_at,-177,-56,-175,-165,-45,-119,-78,-209,-132,-62,-54,-50,-60,-168,-47,-242,-96,-61,-129,-110,-51,-150,-119,-95,-54,-128,-134,-176,-113,-135,-55,-73,-164,-87,-141,-105,-79,-108
HFREP-1 mRNA for unknown protein,D14446_at,175,102,276,131,143,115,231,130,155,88,171,155,167,154,85,188,230,83,136,191,136,266,174,128,150,175,129,108,199,219,119,137,271,111,170,96,48,280
COT Proto-oncogene c-cot (protein-serine/threonine kinase),D14497_at,55,87,39,-5,-1,12,15,-79,37,35,-5,44,26,1,8,-2,-32,48,-16,11,-53,3,-17,-56,-13,9,37,23,40,38,39,63,53,-7,24,-32,-11,85
GC-Box binding protein BTEB2,D14520_at,-86,-3,-53,103,5,160,67,0,-5,30,51,76,-8,-29,-67,68,1,121,-21,11,62,1,123,-2,-39,-2,82,-34,-100,13,90,43,-19,13,-28,-7,84,90
40S RIBOSOMAL PROTEIN S23,D14530_at,16642,15527,19494,18849,20259,11800,19387,14498,18727,18364,18050,17432,17886,16647,17094,18770,18647,16456,20801,21417,26343,18051,11568,19439,15739,19919,20597,21372,17870,16587,18009,16184,19129,14753,19635,14925,15405,22571
XPA Xeroderma pigmentosum; complementation group A,D14533_at,-89,-207,-320,-284,-205,-254,-337,-440,-231,-138,-192,-135,-167,-215,-25,-126,-252,-267,-23,62,317,-154,-131,-88,-110,-120,-594,-208,-396,-364,-344,-230,-259,-6,-369,-162,-123,-500
KIAA0101 gene,D14657_at,885,1239,2864,1146,1530,1202,443,256,3794,2787,2400,686,2620,1765,1721,314,1184,1434,599,503,3023,782,1096,1661,806,485,453,651,1183,1568,2001,1030,3302,1593,1133,957,93,631
KIAA0102 gene,D14658_at,1234,411,1131,952,1202,437,939,592,1699,477,547,283,1546,755,1377,1194,1298,461,1196,3110,1691,321,531,1267,303,786,766,338,327,541,391,166,476,258,275,737,389,363
KIAA0103 gene,D14659_at,122,32,42,88,163,-16,80,8,17,39,8,34,148,131,78,8,147,68,9,127,127,-3,11,153,50,46,3,22,-62,3,60,5,7,34,25,9,38,24
PUTATIVE 60S RIBOSOMAL PROTEIN,D14660_at,-5,-4,-19,-76,94,1,-55,-68,27,31,2,-14,50,11,-3,-2,13,46,-5,95,-27,27,-110,93,46,2,-37,-53,-69,-4,13,-72,-73,17,-44,-31,20,-36
KIAA0105 gene,D14661_at,437,757,531,352,495,302,253,337,728,582,646,363,1008,215,371,492,243,147,430,1383,234,598,400,554,276,408,359,298,324,561,916,384,552,438,808,363,532,467
KIAA0106 gene,D14662_at,492,1210,594,740,839,551,672,829,1259,787,621,691,1455,656,765,727,437,276,612,2303,1527,221,636,1520,413,602,638,633,709,590,544,451,683,466,1290,682,1034,507
KIAA0107 gene,D14663_at,438,739,924,399,633,229,536,532,1076,365,837,334,714,585,726,405,992,419,362,1569,1605,610,387,726,264,301,586,482,211,618,1142,708,488,924,826,596,449,793
KIAA0022 gene,D14664_at,21,82,-18,114,128,58,84,107,0,1,-1,99,31,71,46,-27,586,28,12,87,-28,19,47,151,-12,-20,-4,380,139,536,154,41,72,209,483,364,159,129
Kinesin-related protein; partial cds,D14678_at,-100,-25,68,17,100,-51,-235,-868,7,-28,-72,-204,125,-186,93,-168,-4,14,-49,90,79,-82,110,-125,47,-36,-151,-195,-339,-68,-35,-45,-58,-62,-191,-177,-101,-109
AMT Glycine cleavage system protein T (aminomethyltransferase),D14686_at,310,294,453,345,16,273,601,806,271,178,56,-20,123,252,53,225,107,345,223,1018,72,368,231,323,462,58,517,705,565,398,443,639,395,69,113,387,599,442
NUCLEAR PORE COMPLEX PROTEIN NUP214,D14689_at,353,498,875,899,529,218,1255,139,271,-43,297,244,985,193,1112,301,1235,435,269,1542,530,210,188,862,949,763,178,665,704,1443,786,1432,434,464,494,872,423,512
PHOSPHATIDYLSERINE SYNTHASE I,D14694_at,1573,1962,1329,2115,1894,1047,1880,1707,2450,1166,1462,915,2050,1974,2462,1385,7834,1685,1072,3837,3201,1354,1381,2137,1240,1732,1334,2043,1387,2078,1501,1223,1683,1124,1528,1290,1320,1868
APOA2 Apolipoprotein A-II,D14695_at,185,824,320,187,104,211,129,61,636,307,1477,70,324,134,164,-34,-157,939,44,398,864,206,140,202,338,88,-92,197,26,739,136,348,234,247,210,245,170,299
ATP5A1 ATP synthase; H+ transporting; mitochondrial F1 complex; alpha subunit; isoform 1; cardiac muscle,D14710_at,3343,6088,6293,5603,7437,3903,4587,3656,9100,3494,5865,1557,5968,5759,7729,6312,10082,4801,3915,13742,10179,3221,4797,6125,2097,4167,4013,5276,3253,3844,3203,3378,3982,3810,5512,5585,1470,1563
KIAA0110 gene,D14811_at,109,574,314,209,49,268,384,283,271,13,535,71,55,358,260,199,477,499,53,524,308,190,311,299,215,312,713,610,702,368,750,656,295,496,838,341,277,465
KIAA0026 gene,D14812_at,2890,3286,2687,2051,3018,1394,2039,2087,3351,3110,2534,2374,5315,1582,2774,2979,4795,1844,2545,7252,3089,2004,1658,2403,2193,1675,1841,2478,1315,3234,2466,1230,3415,1270,3478,2162,2318,3297
GB DEF = Chimeric mRNA derived from AML1 gene and MTG8(ETO) gene; partial sequence,D14822_at,-75,7,-20,-2,12,-8,23,32,0,-13,3,-1,13,66,35,-5,27,51,23,13,23,2,51,-40,51,8,6,-9,-16,0,31,40,33,-13,28,69,-15,82
GB DEF = Chimeric mRNA derived from AML1 gene and MTG8(ETO) gene; partial sequence,D14823_at,-61,26,36,-71,-11,14,35,17,-49,3,94,120,-40,-62,6,-24,76,-32,-3,15,118,18,36,-4,23,40,29,110,2,-17,-9,71,24,2,5,-9,35,-13
GB DEF = Tax helper protein 1,D14827_at,-69,-161,-140,-225,157,-8,47,-409,-380,-68,202,64,-224,165,-129,89,100,79,62,-194,-96,-78,41,33,-32,129,219,158,-214,-8,-39,-305,343,213,-203,168,408,-140
FGF9 Fibroblast growth factor 9 (glia-activating factor),D14838_at,-151,-52,-118,-143,-7,-55,-124,-155,-247,36,-22,-110,-57,487,110,142,-86,-33,-72,-73,930,132,-51,-80,-39,-190,76,16,-57,-99,25,-20,70,-3,-36,-3,-87,-81
ADM Adrenomedullin,D14874_at,163,176,133,93,75,163,-8,94,204,149,152,304,61,141,62,22,100,100,72,128,54,56,170,134,327,105,170,225,252,770,365,205,440,195,297,194,274,511
Protein D123,D14878_at,644,754,794,598,1458,456,478,443,508,289,595,165,659,527,653,583,725,401,384,1563,136,234,271,882,368,431,740,564,384,274,483,306,509,419,655,698,427,479
Small GTP-binding protein; S10,D14889_at,663,601,848,526,341,334,379,497,528,461,381,461,321,424,204,385,452,324,331,487,158,452,313,308,313,407,491,597,367,630,553,430,587,313,461,561,549,818
PTPRH Protein tyrosine phosphatase,D15049_at,53,-33,114,-403,-105,0,43,50,74,163,94,-77,270,69,94,157,40,-114,194,-26,22,130,11,93,69,194,-569,183,139,-26,49,-48,345,1,-118,0,-32,10
Transcription factor AREB6,D15050_at,613,1487,810,453,1146,384,1560,842,794,516,829,799,1238,311,827,1243,534,394,2617,2237,1506,915,286,419,811,884,819,704,622,682,990,745,3392,362,726,418,610,1419
DEFENDER AGAINST CELL DEATH 1,D15057_at,338,425,759,805,3135,122,2470,203,826,632,603,339,1750,449,4655,839,716,1379,1124,3462,1649,70,9,2622,229,295,391,712,642,612,353,39,144,356,503,527,268,147
PMP2 Peripheral myelin protein 2,D16181_at,14,45,84,20,52,23,26,104,89,0,0,84,11,-18,43,49,19,45,41,96,57,30,28,98,25,60,161,81,100,105,41,18,13,71,69,155,96,-39
CAST Calpastatin,D16217_at,874,344,903,690,904,380,707,479,468,373,598,685,581,805,417,480,315,830,655,384,429,383,248,796,488,757,614,729,730,1584,1412,667,470,414,1534,956,478,1451
HPCAL1 Hippocalcin-like 1,D16227_at,-221,-32,-640,-82,80,-259,43,-524,-429,-155,-423,126,-238,-144,-105,-137,5,-45,100,355,-183,-422,-433,-2,27,-61,-187,-161,-199,-337,-308,-59,-281,125,-330,-270,-167,-443
3-KETOACYL-COA THIOLASE MITOCHONDRIAL,D16294_at,362,503,383,252,687,206,273,-44,663,213,289,211,747,372,535,296,286,286,89,647,553,88,-9,378,123,125,153,199,375,307,409,103,214,205,520,122,-64,256
SA mRNA for SA gene product,D16350_at,-53,14,-29,-61,39,-23,-31,-70,99,79,34,-68,62,-13,-10,-22,47,-29,18,34,56,3,-79,53,43,-10,-71,92,209,4,-47,71,31,6,-65,41,-69,63
ORF; Xq terminal portion,D16469_at,906,708,388,521,690,300,942,305,764,279,365,797,2261,331,471,457,1261,251,727,1731,469,238,286,946,437,505,-46,1613,928,1945,909,482,716,1062,2199,1318,1250,1032
VLDLR Very low density lipoprotein receptor,D16532_at,92,-63,23,224,69,-69,835,73,-44,-13,-12,-5,1,-22,49,-17,-17,60,24,101,122,30,28,524,-17,-5,6,56,-60,41,50,58,20,34,94,64,33,61
ATP SYNTHASE GAMMA CHAIN; MITOCHONDRIAL PRECURSOR,D16562_at,2452,3874,3827,3429,3758,3289,2809,3037,4866,2847,3456,2914,3928,3485,3333,3205,5436,1911,1913,7819,8736,1812,2127,3533,2432,1435,2617,2487,1885,2601,1968,887,2003,3371,3794,3882,2425,1644
MTH1 MutT (E. coli) human homolog (8-oxo-7;8-dihydroguanosine triphosphatase),D16581_at,952,2426,1660,1274,1192,1452,1095,1196,1568,734,811,1063,1061,766,1285,862,1483,489,728,1428,645,863,748,1048,757,1023,1236,721,533,1414,972,1654,1275,899,756,1283,872,1009
HDC Histidine decarboxylase,D16583_at,-977,-771,-959,-608,-333,-837,-566,104,-677,-779,-594,-666,-614,-426,-505,-753,-755,-540,-439,-541,-141,-742,-813,-461,-748,-380,-760,-1092,-863,-794,-330,-278,-350,-59,-616,-308,-510,-479
HPCA Hippocalcin,D16593_at,204,573,281,769,40,419,561,479,878,163,567,250,55,441,483,213,821,304,244,286,72,336,634,122,219,143,818,171,500,276,732,139,249,-118,618,800,846,361
HAL Histidine ammonia-lyase,D16626_at,-136,-174,-180,-167,70,-26,-247,-190,-225,-131,-148,-99,-131,-28,-65,-158,14,-62,-77,-112,-104,-77,-161,-169,-42,-91,-139,-83,-163,197,-53,59,-199,-75,-65,-198,-112,-157
EAR-1r,D16815_at,88,-30,145,136,-29,8,70,245,72,88,40,96,102,132,79,-5,178,65,3,104,18,78,98,97,-8,62,165,162,-413,138,22,56,150,-34,43,102,108,90
GB DEF = Activin beta-A gene; regulatory sequence of 5'upstream region,D17357_at,134,56,207,19,6,0,18,179,92,31,27,11,3,32,9,-602,61,46,-34,-6,17,24,159,-2,38,68,225,-13,12,59,151,64,96,9,-56,61,-17,152
MDC protein,D17390_at,-1129,-1172,-1406,-1960,-696,-1362,-1732,-1743,-1173,-672,-965,-1166,-649,-1240,-902,-1063,-1342,-627,-866,-699,-552,-1177,-1274,-821,-1084,-482,-2373,-856,-959,-1275,-1495,-859,-942,-756,-1425,-1492,-1001,-1563
Alpha 4(IV) collagen; C-terminal,D17391_at,-117,-82,-125,-116,-67,30,-58,-74,-89,-44,-101,-50,-23,-12,-77,-48,-84,-176,-89,-70,-77,-31,-64,-10,-47,-56,-129,10,-7,-28,37,54,-100,-86,-32,-138,-77,-87
PTS 6-pyruvoyltetrahydropterin synthase,D17400_at,-165,76,-263,-9,42,-254,-218,-223,-185,26,-67,8,147,0,256,99,152,-22,95,379,443,-10,-150,100,134,-5,-114,91,50,-1,-23,45,121,43,68,0,9,12
GB DEF = GULO gene for L-gulono-gamma-lactone oxidase; exon 9;10 and 12,D17461_at,-594,-268,-630,-21,-81,-307,-243,-925,-271,-298,-428,-135,-258,-373,-204,-349,-252,-254,-145,221,-188,-150,-535,-402,-283,-382,-699,-120,-341,-243,-17,-397,-130,106,-270,-455,-573,-85
GB DEF = PACAP receptor,D17516_at,-41,-13,-144,-240,26,19,-87,137,295,45,-4,10,106,59,62,0,27,72,1,186,131,66,83,141,48,28,-75,130,127,-75,21,210,-11,213,58,141,117,-92
CRARF C4/C2 activating component of Ra-reactive factor,D17525_at,148,331,1069,750,617,725,1124,890,901,548,469,60,382,424,557,636,329,490,147,-107,353,589,469,854,407,573,262,966,738,884,286,174,747,408,-196,850,232,279
GB DEF = N-acetylglucosaminyltransferase V,D17716_at,557,512,1085,643,382,264,507,565,425,409,645,314,539,466,341,608,672,502,351,489,22,698,309,786,421,482,776,652,132,1055,395,325,467,209,383,481,398,779
KIAA0030 gene; partial cds,D21063_at,1121,1656,2358,849,769,1228,934,298,2394,1932,460,206,1798,755,730,304,2498,1599,339,859,101,377,408,1116,274,375,866,82,454,75,341,58,962,797,167,954,-141,467
XPC Xeroderma pigmentosum; complementation group C,D21089_at,959,310,1210,914,697,689,1356,890,815,467,540,501,728,713,603,402,1033,662,564,899,436,483,364,756,343,417,600,861,675,896,642,473,715,350,461,886,511,1071
XP-C repair complementing protein (p58/HHR23B),D21090_at,171,224,371,76,340,151,194,26,299,163,176,120,332,290,133,318,527,87,177,649,353,85,113,289,76,139,242,147,134,194,223,184,151,51,194,194,123,273
KIAA0031 gene,D21163_at,25,-1,58,310,61,-277,245,149,-222,66,-16,-5,174,-55,-52,99,161,179,109,365,158,-90,-125,185,82,82,-175,280,139,-25,-538,114,5,14,-98,74,-106,59
Estrogen responsive finger protein,D21205_at,-601,-722,-806,-646,-371,-453,-551,-940,-655,-466,-551,-412,-537,-606,-351,-611,-533,-507,-488,-951,-408,-631,-416,-490,-614,-632,-1046,-493,-651,-5,204,-605,-644,-242,-720,-406,-418,-452
C3G protein,D21239_at,-90,-70,-135,-224,-130,-133,-258,-86,-160,-45,-170,-94,-24,-142,-47,-120,-220,-81,91,46,-43,-102,-119,-97,-186,0,-167,-80,-259,-34,1,-109,-87,22,-24,-139,-68,-186
CDH11 Cadherin 11 (OB-cadherin),D21255_at,-125,-83,-151,-52,618,-40,-68,88,-65,-19,-14,-57,-34,-34,578,-40,-98,-73,-53,497,-29,-22,-93,-155,-2,-104,-75,-2,-74,-58,-74,-14,-84,-19,-23,-23,-49,-95
60S RIBOSOMAL PROTEIN L23,D21260_at,1400,616,833,1402,1501,286,1529,4601,2108,413,1391,265,2428,1044,1709,2065,1200,1254,1670,15646,970,358,248,1577,207,1422,1669,916,730,1002,1832,887,899,897,1021,566,420,853
SM22-ALPHA HOMOLOG,D21261_at,7819,10357,12527,7693,10766,6572,7216,10210,17588,14289,9554,7264,5249,7918,4418,5187,8462,4258,3385,7334,1779,4889,4153,7131,3951,5371,6020,13146,6658,13773,11107,6177,12227,6300,15470,16603,12922,11422
KIAA0035 gene; partial cds,D21262_at,122,227,272,46,449,51,124,52,539,186,329,58,544,339,281,216,145,-1,187,1398,553,-7,150,298,29,41,267,87,156,11,78,40,3,-59,94,34,-21,-20
SYNAPTOSOMAL ASSOCIATED PROTEIN 25,D21267_at,50,-13,107,-20,17,48,26,160,69,27,81,-21,4,0,21,17,72,91,10,23,69,-19,30,40,59,73,39,62,-16,83,7,87,23,-11,11,37,62,164
COL4A6 Collagen; type IV; alpha 6,D21337_at,73,85,0,-17,-24,-16,-26,85,-37,4,12,-10,79,28,-18,100,-3,116,13,58,-78,-15,-47,129,27,-1,198,-41,-86,21,75,73,-27,33,205,-7,0,189
KIAA0028 gene; partial cds,D21851_at,99,77,84,174,127,145,169,241,159,27,93,47,101,125,144,157,239,108,128,224,111,39,132,140,99,92,139,105,9,76,77,25,59,38,48,103,84,103
KIAA0029 gene; partial cds,D21852_at,304,705,569,372,507,528,441,577,741,346,657,237,631,446,541,487,1051,309,305,1528,1882,266,288,638,198,356,441,381,259,229,221,147,297,183,341,503,489,64
EUKARYOTIC INITIATION FACTOR 4A-LIKE NUK-34,D21853_at,554,663,670,752,1007,718,789,836,999,739,927,505,883,732,847,446,1923,570,475,1132,887,600,1575,696,665,613,826,469,464,845,877,664,949,596,1036,767,570,1051
BST-1,D21878_at,-109,-33,-102,-152,-119,-67,-208,-229,-86,-95,-83,-34,-76,-130,-95,-191,-68,-153,-94,-171,-178,-149,-165,-122,-208,-104,-236,-98,-110,235,-135,-250,-88,-35,183,-87,-161,-122
RPL4 Ribosomal protein L4,D23660_at,10477,18420,11507,17843,19284,12474,10328,10468,17887,16525,18265,14053,14446,18704,17603,18122,16798,15542,15496,23144,15370,11729,13888,17535,14790,12742,15657,18584,10637,10079,18802,17933,15351,14179,17480,16850,14550,10044
UBL1 Ubiquitin-like protein,D23662_at,1743,2941,2610,1974,2380,1872,1240,1863,3288,1914,1856,1300,3091,1451,1996,1676,3238,1221,1027,4157,1611,791,1322,1661,1438,1500,721,1963,1411,2041,1426,1101,1553,1269,1760,2134,1493,1084
mRNA; clone HH109 (screened by the monoclonal antibody of insulin receptor substrate-1 (IRS-1)),D23673_at,3617,2103,2419,2573,1983,1925,2407,2743,2037,1490,1545,1523,3525,1638,2487,1458,3099,1347,1582,2966,2318,1785,1607,2634,2501,3545,2465,2249,1714,1449,1391,1761,1823,796,1136,1619,1510,1796
KIAA0032 gene,D25215_at,-26,-144,-38,-95,-69,-67,0,-226,-154,-192,-82,-64,142,-135,24,-367,-107,7,-27,-81,-86,-128,-51,-23,-31,-145,-336,-198,-60,-68,-99,-78,24,-51,-1,-133,-36,-59
KIAA0014 gene,D25216_at,1023,714,1296,1648,655,1397,1187,1542,765,710,767,1268,830,456,946,1276,2359,647,999,2117,2050,268,1196,1286,637,881,1646,1393,952,1494,1907,1459,748,833,614,1539,1138,1463
KIAA0027 gene; partial cds,D25217_at,288,436,736,320,1409,-94,730,634,307,265,230,270,214,592,822,1165,703,399,468,262,58,452,229,835,393,252,-3,949,565,428,1537,411,1174,587,-253,555,862,1367
KIAA0112 gene; partial cds,D25218_at,327,239,169,619,643,392,315,230,589,381,189,280,227,599,604,327,305,332,377,1097,329,428,378,456,256,435,26,403,221,534,290,309,465,346,268,431,577,645
Randomly sequenced mRNA,D25248_at,460,285,492,375,278,231,457,323,309,315,296,109,270,277,236,364,546,402,213,596,274,360,303,547,286,404,650,485,425,595,268,367,405,163,247,393,512,551
Randomly sequenced mRNA,D25274_at,1148,507,1002,1312,1538,622,835,428,1901,274,1288,426,1249,558,1505,759,1010,268,802,2709,1987,732,782,1616,294,665,427,416,452,1108,1119,699,350,849,1689,1411,1066,1200
KIAA0036 gene,D25278_at,469,321,601,537,395,211,653,514,431,479,274,140,573,375,331,369,885,435,526,1038,358,388,419,666,361,440,602,580,593,616,378,270,477,266,380,338,312,611
Integrin alpha subunit,D25303_at,132,209,77,207,134,26,58,250,411,-64,280,242,80,221,310,73,188,30,184,271,102,81,326,333,299,366,398,69,45,68,392,304,286,162,207,315,246,55
PFKP Phosphofructokinase; platelet,D25328_at,-146,377,153,224,1714,190,184,-101,1172,-13,655,-33,189,920,525,268,481,302,147,924,39,-81,269,380,206,-21,-143,-26,223,-73,13,27,64,118,302,-1,-118,-99
KIAA0037 gene,D25538_at,61,247,238,160,355,74,403,97,277,125,169,142,433,849,297,168,424,124,92,392,116,-22,121,711,161,213,43,262,218,355,83,22,203,105,252,111,265,13
KIAA0040 gene,D25539_at,519,15,144,458,29,279,250,52,83,83,127,-84,4,-14,-16,148,-20,21,3,-27,269,53,41,288,28,5,79,-50,302,92,17,34,43,186,-129,465,121,166
PIMT isozyme I,D25547_at,797,768,1057,505,584,391,742,685,678,426,893,311,494,720,506,124,557,295,189,427,787,133,271,777,498,422,896,700,533,1014,1167,590,501,624,1141,409,276,1247
KIAA0039 gene; partial cds,D26018_at,-63,-14,-75,-10,226,158,-35,-140,73,-65,64,-86,195,-11,231,92,110,86,135,216,113,-87,-89,230,-40,28,-97,-158,-50,-53,-252,-41,-43,54,24,-83,-125,-232
KIAA0033 gene; partial cds,D26067_at,461,171,208,241,218,151,373,161,206,175,98,148,508,207,190,340,334,281,102,445,166,143,89,274,100,99,370,86,31,195,151,309,196,70,20,201,77,371
KIAA0038 gene; partial cds,D26068_at,3355,3872,3932,2423,3716,1744,3103,2257,5136,2823,5321,2085,3968,3051,3162,3231,3340,2861,3105,8467,7855,4116,2260,4436,2227,2563,2417,3171,1779,4968,4985,3634,4165,2255,5332,3385,2149,4992
KIAA0041 gene; partial cds,D26069_at,295,258,312,266,231,140,258,211,431,82,234,107,666,278,361,375,308,92,249,550,206,273,197,466,106,183,186,231,141,270,198,187,239,150,117,179,149,156
RNS1 Ribonuclease A (pancreatic),D26129_at,-31,-8,-20,-104,78,192,-43,-7,24,-154,-19,-94,-28,32,0,-6,33,47,149,-4,33,-35,66,-70,-21,66,-145,-125,-74,50,170,290,65,171,717,-91,-99,25
DAGK3 Diacylglycerol kinase; gamma (90kD),D26135_at,-303,-165,-294,-244,-141,-174,-329,-262,-331,-140,-249,-264,-141,-165,-226,-262,-89,-175,-187,-207,-148,-283,-387,-233,-238,-197,-281,-115,-216,-114,-259,-256,-267,-175,-200,-270,-328,-360
NADPH-flavin reductase,D26308_at,825,660,1145,824,811,456,1159,1380,955,721,373,776,813,550,339,742,714,718,1179,1290,213,580,587,742,1217,538,1012,1164,2664,1637,7615,8703,2510,2958,1496,971,1013,2794
Type 2 inositol 1;4;5-trisphosphate receptor,D26350_at,-116,-59,-133,-103,1,24,-63,-94,-24,-70,-35,-38,-74,-80,-58,-30,-22,-58,-39,-8,-39,-112,-49,-6,14,-80,-153,-34,-36,-76,38,-91,-145,-41,-39,-134,-51,-101
KIAA0042 gene,D26361_at,-505,108,205,226,204,152,157,242,150,129,247,63,281,119,189,93,255,230,77,210,92,146,153,153,98,144,203,229,113,324,152,127,128,175,155,117,111,61
KIAA0043 gene,D26362_at,924,726,886,595,682,821,386,1100,725,390,555,502,804,1031,939,499,962,399,381,1623,396,914,549,862,833,1058,430,758,699,745,433,648,554,519,778,534,921,625
EXCITATORY AMINO ACID TRANSPORTER 1,D26443_at,54,-51,20,-29,34,16,-33,53,53,-30,-8,10,-10,8,2,-18,52,-27,-28,-31,3,-27,-5,-39,56,29,-73,5,36,-23,52,-35,-18,-13,-41,-11,-84,40
GB DEF = RNA helicase,D26528_at,175,142,141,106,62,154,99,226,169,101,74,77,74,132,105,87,190,47,102,227,56,99,163,135,150,153,81,206,74,159,136,292,114,61,95,87,106,149
ORF for L1 protein gene extracted from Human papillomavirus 5b genome integrated into human carcinoma DNA,D26561_cds1_at,-68,29,-15,-8,8,-1,6,38,33,62,9,-10,-31,2,-41,9,66,24,40,1,13,18,58,-28,10,8,23,2,21,21,-29,80,-35,-19,18,-3,49,25
ORF for E6 protein gene extracted from Human papillomavirus 5b genome integrated into human carcinoma DNA,D26561_cds2_at,-49,-17,79,-47,-8,-103,-58,71,43,86,43,-35,48,107,-15,-1,105,55,6,-16,302,41,32,145,-36,111,-204,173,175,5,-23,101,136,37,2,-102,38,54
